datetime,portfolio_value,cash,return
2021-01-04 09:30:00-05:00,100000.0,100000.0,
2021-01-05 09:30:00-05:00,99927.90008544922,96246.90002441406,-0.000720999145507828
2021-01-06 09:30:00-05:00,99943.99993896484,96246.90002441406,0.0001611146987163803
2021-01-07 09:30:00-05:00,100007.90008544922,96246.90002441406,0.0006393595065576907
2021-01-08 09:30:00-05:00,100052.79998779297,96246.90002441406,0.00044896355493295736
2021-01-09 09:30:00-05:00,100052.79998779297,96246.90002441406,0.0
2021-01-11 09:30:00-05:00,100025.40008544922,96246.90002441406,-0.00027385442833272045
2021-01-12 09:30:00-05:00,100035.80017089844,96246.90002441406,0.00010397444489429475
2021-01-13 09:30:00-05:00,100033.80004882812,96246.90002441406,-1.999406279451499e-05
2021-01-14 09:30:00-05:00,100052.79998779297,96246.90002441406,0.00018993519146093263
2021-01-15 09:30:00-05:00,100014.1000366211,96246.90002441406,-0.0003867952838561006
2021-01-16 09:30:00-05:00,100014.1000366211,96246.90002441406,0.0
2021-01-19 09:30:00-05:00,100030.29998779297,96246.90002441406,0.00016197667294859386
2021-01-20 09:30:00-05:00,100057.99987792969,96246.90002441406,0.00027691499615722925
2021-01-21 09:30:00-05:00,100091.79992675781,96246.90002441406,0.0003378045620476833
2021-01-22 09:30:00-05:00,100069.40002441406,96246.90002441406,-0.0002237935810939229
2021-01-23 09:30:00-05:00,100069.40002441406,96246.90002441406,0.0
2021-01-25 09:30:00-05:00,100083.6001586914,96246.90002441406,0.0001419028621525431
2021-01-26 09:30:00-05:00,100101.00006103516,96246.90002441406,0.00017385368148392644
2021-01-27 09:30:00-05:00,100049.1000366211,96246.90002441406,-0.0005184765824758353
2021-01-28 09:30:00-05:00,100010.49987792969,96246.90002441406,-0.00038581215300559357
2021-01-29 09:30:00-05:00,100003.20007324219,96246.90002441406,-7.299038297392535e-05
2021-01-30 09:30:00-05:00,100003.20007324219,96246.90002441406,0.0
2021-02-01 09:30:00-05:00,99984.1000366211,96246.90002441406,-0.0001909942542549503
2021-02-02 09:30:00-05:00,100043.3999633789,96246.90002441406,0.0005930935692384232
2021-02-03 09:30:00-05:00,100071.30004882812,96246.90002441406,0.00027887982075203155
2021-02-04 09:30:00-05:00,100076.49993896484,96246.90002441406,5.196185254097152e-05
2021-02-05 09:30:00-05:00,100128.90014648438,96246.90002441406,0.0005236015203518019
2021-02-06 09:30:00-05:00,100128.90014648438,96246.90002441406,0.0
2021-02-08 09:30:00-05:00,100139.59991455078,96246.90002441406,0.0001068599380473767
2021-02-09 09:30:00-05:00,100142.99987792969,96246.90002441406,3.395223649582668e-05
2021-02-10 09:30:00-05:00,100168.09997558594,96246.90002441406,0.0002506425580104388
2021-02-11 09:30:00-05:00,100159.29992675781,96246.90002441406,-8.785280773293547e-05
2021-02-12 09:30:00-05:00,100145.40008544922,96246.90002441406,-0.00013877734088352245
2021-02-13 09:30:00-05:00,100145.40008544922,96246.90002441406,0.0
2021-02-16 09:30:00-05:00,100186.49993896484,96246.90002441406,0.0004104018105730578
2021-02-17 09:30:00-05:00,100151.1001586914,96246.90002441406,-0.0003533388260394954
2021-02-18 09:30:00-05:00,100142.79998779297,96246.90002441406,-8.287648248783697e-05
2021-02-19 09:30:00-05:00,100167.60009765625,96246.90002441406,0.0002476474580928034
2021-02-20 09:30:00-05:00,100167.60009765625,96246.90002441406,0.0
2021-02-22 09:30:00-05:00,100117.5,96246.90002441406,-0.0005001627033831557
2021-02-23 09:30:00-05:00,100093.50006103516,96246.90002441406,-0.00023971772132591607
2021-02-24 09:30:00-05:00,100110.19989013672,96246.90002441406,0.00016684229336938472
2021-02-25 09:30:00-05:00,100151.00006103516,96246.90002441406,0.00040755258648172976
2021-02-26 09:30:00-05:00,100090.40008544922,96246.90002441406,-0.0006050860755160148
2021-02-27 09:30:00-05:00,100090.40008544922,96246.90002441406,0.0
2021-03-01 09:30:00-05:00,100102.79998779297,96246.90002441406,0.00012388702945709262
2021-03-02 09:30:00-05:00,100145.10009765625,96246.90002441406,0.00042256670011675546
2021-03-03 09:30:00-05:00,100104.80010986328,96246.90002441406,-0.00040241597196133405
2021-03-04 09:30:00-05:00,100059.1000366211,96246.90002441406,-0.00045652229655357424
2021-03-05 09:30:00-05:00,100051.49993896484,96246.90002441406,-7.595608648758301e-05
2021-03-06 09:30:00-05:00,100051.49993896484,96246.90002441406,0.0
2021-03-08 09:30:00-05:00,100093.50006103516,96246.90002441406,0.0004197850316680629
2021-03-09 09:30:00-05:00,100105.40008544922,96246.90002441406,0.0001188890827756861
2021-03-10 09:30:00-05:00,100143.80004882812,96246.90002441406,0.0003835953239899048
2021-03-11 09:30:00-05:00,100169.20013427734,96246.90002441406,0.0002536361256197939
2021-03-12 09:30:00-05:00,100167.60009765625,96246.90002441406,-1.597333929936884e-05
2021-03-13 09:30:00-05:00,100167.60009765625,96246.90002441406,0.0
2021-03-15 09:30:00-04:00,100217.60009765625,96246.90002441406,0.000499163401651348
2021-03-16 09:30:00-04:00,100192.20001220703,96246.90002441406,-0.00025344934846238676
2021-03-17 09:30:00-04:00,100191.70013427734,96246.90002441406,-4.989190072968164e-06
2021-03-18 09:30:00-04:00,100145.70007324219,96246.90002441406,-0.00045912047578300363
2021-03-19 09:30:00-04:00,100145.70007324219,96246.90002441406,0.0
2021-03-20 09:30:00-04:00,100145.70007324219,96246.90002441406,0.0
2021-03-22 09:30:00-04:00,100166.00006103516,96246.90002441406,0.00020270453727033733
2021-03-23 09:30:00-04:00,100156.90002441406,96246.90002441406,-9.084955589266919e-05
2021-03-24 09:30:00-04:00,100106.70013427734,96246.90002441406,-0.0005012124988341693
2021-03-25 09:30:00-04:00,100156.19995117188,96246.90002441406,0.0004944705681850792
2021-03-26 09:30:00-04:00,100156.19995117188,96246.90002441406,0.0
2021-03-27 09:30:00-04:00,100156.19995117188,96246.90002441406,0.0
2021-03-29 09:30:00-04:00,100191.1001586914,96246.90002441406,0.00034845778430647734
2021-03-30 09:30:00-04:00,100200.29998779297,96246.90002441406,9.182281746578091e-05
2021-03-31 09:30:00-04:00,100230.8999633789,96246.90002441406,0.0003053880636052497
2021-04-01 09:30:00-04:00,100230.8999633789,96246.90002441406,0.0
2021-04-02 09:30:00-04:00,100230.8999633789,96246.90002441406,0.0
2021-04-05 09:30:00-04:00,100304.50012207031,96246.90002441406,0.000734306074457125
2021-04-06 09:30:00-04:00,100306.30004882812,96246.90002441406,1.794462616944159e-05
2021-04-07 09:30:00-04:00,100326.19995117188,96246.90002441406,0.0001983913506335977
2021-04-08 09:30:00-04:00,100330.80017089844,96246.90002441406,4.5852626021858356e-05
2021-04-09 09:30:00-04:00,100330.80017089844,96246.90002441406,0.0
2021-04-10 09:30:00-04:00,100330.80017089844,96246.90002441406,0.0
2021-04-12 09:30:00-04:00,100362.20001220703,96246.90002441406,0.00031296313051543123
2021-04-13 09:30:00-04:00,100375.19989013672,96246.90002441406,0.00012952962298662385
2021-04-14 09:30:00-04:00,100384.29992675781,96246.90002441406,9.066020920567297e-05
2021-04-15 09:30:00-04:00,100419.40002441406,96246.90002441406,0.0003496572440297996
2021-04-16 09:30:00-04:00,100419.40002441406,96246.90002441406,0.0
2021-04-17 09:30:00-04:00,100419.40002441406,96246.90002441406,0.0
2021-04-19 09:30:00-04:00,100386.00006103516,96246.90002441406,-0.00033260468963947076
2021-04-20 09:30:00-04:00,100362.00012207031,96246.90002441406,-0.00023907655400401406
2021-04-21 09:30:00-04:00,100405.80017089844,96246.90002441406,0.000436420645013591
2021-04-22 09:30:00-04:00,100375.59997558594,96246.90002441406,-0.00030078138176381497
2021-04-23 09:30:00-04:00,100375.59997558594,96246.90002441406,0.0
2021-04-24 09:30:00-04:00,100375.59997558594,96246.90002441406,0.0
2021-04-26 09:30:00-04:00,100426.19995117188,96246.90002441406,0.0005041063325972317
2021-04-27 09:30:00-04:00,100425.0,96246.90002441406,-1.1948586847387865e-05
2021-04-28 09:30:00-04:00,100450.10009765625,96246.90002441406,0.0002499387369305772
2021-04-29 09:30:00-04:00,100423.20007324219,96246.90002441406,-0.0002677948990384982
2021-04-30 09:30:00-04:00,100423.20007324219,96246.90002441406,0.0
2021-05-01 09:30:00-04:00,100423.20007324219,96246.90002441406,0.0
2021-05-03 09:30:00-04:00,100407.60009765625,96246.90002441406,-0.00015534234693337368
2021-05-04 09:30:00-04:00,100420.70007324219,96246.90002441406,0.00013046796829319085
2021-05-05 09:30:00-04:00,100405.19989013672,96246.90002441406,-0.00015435247009987219
2021-05-06 09:30:00-04:00,100445.80017089844,96246.90002441406,0.0004043643238214045
2021-05-07 09:30:00-04:00,100445.80017089844,96246.90002441406,0.0
2021-05-08 09:30:00-04:00,100445.80017089844,96246.90002441406,0.0
2021-05-10 09:30:00-04:00,100377.90008544922,96246.90002441406,-0.000675987301944847
2021-05-11 09:30:00-04:00,100359.20013427734,96246.90002441406,-0.00018629550086179947
2021-05-12 09:30:00-04:00,100317.60009765625,96246.90002441406,-0.00041451144055981715
2021-05-13 09:30:00-04:00,100378.99993896484,96246.90002441406,0.0006120545273093914
2021-05-14 09:30:00-04:00,100378.99993896484,96246.90002441406,0.0
2021-05-15 09:30:00-04:00,100378.99993896484,96246.90002441406,0.0
2021-05-17 09:30:00-04:00,100404.89990234375,96246.90002441406,0.0002580217315837352
2021-05-18 09:30:00-04:00,100316.1001586914,96246.90002441406,-0.0008844164352408423
2021-05-19 09:30:00-04:00,100364.89990234375,96246.90002441406,0.00048645973652439167
2021-05-20 09:30:00-04:00,100415.59997558594,96246.90002441406,0.000505157413513313
2021-05-21 09:30:00-04:00,100415.59997558594,96246.90002441406,0.0
2021-05-22 09:30:00-04:00,100415.59997558594,96246.90002441406,0.0
2021-05-24 09:30:00-04:00,100450.19989013672,96246.90002441406,0.00034456712462205275
2021-05-25 09:30:00-04:00,100435.59997558594,96246.90002441406,-0.0001453448033627014
2021-05-26 09:30:00-04:00,100448.6001586914,96246.90002441406,0.00012943799916187437
2021-05-27 09:30:00-04:00,100456.6000366211,96246.90002441406,7.964150736849973e-05
2021-05-28 09:30:00-04:00,100456.6000366211,96246.90002441406,0.0
2021-05-29 09:30:00-04:00,100456.6000366211,96246.90002441406,0.0
2021-06-01 09:30:00-04:00,100450.59997558594,96246.90002441406,-5.972789277131074e-05
2021-06-02 09:30:00-04:00,100425.40008544922,96246.90002441406,-0.00025086848802136075
2021-06-03 09:30:00-04:00,100454.40002441406,96246.90002441406,0.0002887709577474862
2021-06-04 09:30:00-04:00,100454.40002441406,96246.90002441406,0.0
2021-06-05 09:30:00-04:00,100454.40002441406,96246.90002441406,0.0
2021-06-07 09:30:00-04:00,100477.99987792969,96246.90002441406,0.00023493100859584004
2021-06-08 09:30:00-04:00,100478.69995117188,96246.90002441406,6.967428124005082e-06
2021-06-09 09:30:00-04:00,100476.49993896484,96246.90002441406,-2.189530923568661e-05
2021-06-10 09:30:00-04:00,100488.90014648438,96246.90002441406,0.00012341400752480247
2021-06-11 09:30:00-04:00,100488.90014648438,96246.90002441406,0.0
2021-06-12 09:30:00-04:00,100488.90014648438,96246.90002441406,0.0
2021-06-14 09:30:00-04:00,100501.1001586914,96246.90002441406,0.00012140656519532556
2021-06-15 09:30:00-04:00,100493.20007324219,96246.90002441406,-7.860695491634928e-05
2021-06-16 09:30:00-04:00,100463.6001586914,96246.90002441406,-0.0002945464422389188
2021-06-17 09:30:00-04:00,100417.79998779297,96246.90002441406,-0.0004558882105170081
2021-06-18 09:30:00-04:00,100417.79998779297,96246.90002441406,0.0
2021-06-19 09:30:00-04:00,100417.79998779297,96246.90002441406,0.0
2021-06-21 09:30:00-04:00,100455.40008544922,96246.90002441406,0.00037443658057467744
2021-06-22 09:30:00-04:00,100478.80004882812,96246.90002441406,0.00023293883015740313
2021-06-23 09:30:00-04:00,100495.80017089844,96246.90002441406,0.00016919113347335646
2021-06-24 09:30:00-04:00,100505.8999633789,96246.90002441406,0.00010049964738123585
2021-06-25 09:30:00-04:00,100505.8999633789,96246.90002441406,0.0
2021-06-26 09:30:00-04:00,100505.8999633789,96246.90002441406,0.0
2021-06-28 09:30:00-04:00,100525.70007324219,96246.90002441406,0.0001970044531762749
2021-06-29 09:30:00-04:00,100518.99993896484,96246.90002441406,-6.665095863511716e-05
2021-06-30 09:30:00-04:00,100535.59997558594,96246.90002441406,0.00016514327272632023
2021-07-01 09:30:00-04:00,100563.6001586914,96246.90002441406,0.00027851013086177545
2021-07-02 09:30:00-04:00,100563.6001586914,96246.90002441406,0.0
2021-07-03 09:30:00-04:00,100563.6001586914,96246.90002441406,0.0
2021-07-06 09:30:00-04:00,100583.50006103516,96246.90002441406,0.00019788375030671546
2021-07-07 09:30:00-04:00,100534.70001220703,96246.90002441406,-0.00048516952381372214
2021-07-08 09:30:00-04:00,100572.20001220703,96246.90002441406,0.00037300553933561353
2021-07-09 09:30:00-04:00,100572.20001220703,96246.90002441406,0.0
2021-07-10 09:30:00-04:00,100572.20001220703,96246.90002441406,0.0
2021-07-12 09:30:00-04:00,100609.29992675781,96246.90002441406,0.00036888836623116816
2021-07-13 09:30:00-04:00,100620.8999633789,96246.90002441406,0.00011529785645603141
2021-07-14 09:30:00-04:00,100595.0,96246.90002441406,-0.00025740142841435
2021-07-15 09:30:00-04:00,100607.00012207031,96246.90002441406,0.0001192914366550113
2021-07-16 09:30:00-04:00,100607.00012207031,96246.90002441406,0.0
2021-07-17 09:30:00-04:00,100607.00012207031,96246.90002441406,0.0
2021-07-19 09:30:00-04:00,100503.69995117188,96246.90002441406,-0.0010267692185742527
2021-07-20 09:30:00-04:00,100570.29998779297,96246.90002441406,0.0006626625353440829
2021-07-21 09:30:00-04:00,100594.29992675781,96246.90002441406,0.00023863843468463486
2021-07-22 09:30:00-04:00,100622.09991455078,96246.90002441406,0.00027635748559529105
2021-07-23 09:30:00-04:00,100622.09991455078,96246.90002441406,0.0
2021-07-24 09:30:00-04:00,100622.09991455078,96246.90002441406,0.0
2021-07-26 09:30:00-04:00,100646.00006103516,96246.90002441406,0.00023752382930464222
2021-07-27 09:30:00-04:00,100643.69995117188,96246.90002441406,-2.285346523345222e-05
2021-07-28 09:30:00-04:00,100645.10009765625,96246.90002441406,1.3911913860908953e-05
2021-07-29 09:30:00-04:00,100626.00006103516,96246.90002441406,-0.00018977612027371027
2021-07-30 09:30:00-04:00,100626.00006103516,96246.90002441406,0.0
2021-07-31 09:30:00-04:00,100626.00006103516,96246.90002441406,0.0
2021-08-02 09:30:00-04:00,100631.30004882812,96246.90002441406,5.267016267906932e-05
2021-08-03 09:30:00-04:00,100644.70001220703,96246.90002441406,0.00013315900095101085
2021-08-04 09:30:00-04:00,100649.1000366211,96246.90002441406,4.371839166417146e-05
2021-08-05 09:30:00-04:00,100667.90008544922,96246.90002441406,0.00018678804699967522
2021-08-06 09:30:00-04:00,100667.90008544922,96246.90002441406,0.0
2021-08-07 09:30:00-04:00,100667.90008544922,96246.90002441406,0.0
2021-08-09 09:30:00-04:00,100672.99987792969,96246.90002441406,5.065956949668049e-05
2021-08-10 09:30:00-04:00,100685.10009765625,96246.90002441406,0.00012019329652668276
2021-08-11 09:30:00-04:00,100683.09997558594,96246.90002441406,-1.986512471430224e-05
2021-08-12 09:30:00-04:00,100702.79998779297,96246.90002441406,0.00019566354444600087
2021-08-13 09:30:00-04:00,100702.79998779297,96246.90002441406,0.0
2021-08-14 09:30:00-04:00,100702.79998779297,96246.90002441406,0.0
2021-08-16 09:30:00-04:00,100689.29992675781,96246.90002441406,-0.0001340584475981732
2021-08-17 09:30:00-04:00,100676.49993896484,96246.90002441406,-0.00012712361494493507
2021-08-18 09:30:00-04:00,100609.59991455078,96246.90002441406,-0.0006645048691067412
2021-08-19 09:30:00-04:00,100649.20013427734,96246.90002441406,0.0003936027949638099
2021-08-20 09:30:00-04:00,100649.20013427734,96246.90002441406,0.0
2021-08-21 09:30:00-04:00,100649.20013427734,96246.90002441406,0.0
2021-08-23 09:30:00-04:00,100726.6000366211,96246.90002441406,0.0007690066313541521
2021-08-24 09:30:00-04:00,100728.6001586914,96246.90002441406,1.9856940168594406e-05
2021-08-25 09:30:00-04:00,100732.99987792969,96246.90002441406,4.367894750201273e-05
2021-08-26 09:30:00-04:00,100718.09997558594,96246.90002441406,-0.00014791480807485602
2021-08-27 09:30:00-04:00,100718.09997558594,96246.90002441406,0.0
2021-08-28 09:30:00-04:00,100718.09997558594,96246.90002441406,0.0
2021-08-30 09:30:00-04:00,100768.20007324219,96246.90002441406,0.0004974289394696907
2021-08-31 09:30:00-04:00,100772.5,96246.90002441406,4.2671465350085924e-05
2021-09-01 09:30:00-04:00,100780.10009765625,96246.90002441406,7.541836965696547e-05
2021-09-02 09:30:00-04:00,100766.70013427734,96246.90002441406,-0.00013296239402349475
2021-09-03 09:30:00-04:00,100766.70013427734,96246.90002441406,0.0
2021-09-04 09:30:00-04:00,100766.70013427734,96246.90002441406,0.0
2021-09-07 09:30:00-04:00,100755.80017089844,96246.90002441406,-0.00010817029201493078
2021-09-08 09:30:00-04:00,100753.90014648438,96246.90002441406,-1.8857717479670022e-05
2021-09-09 09:30:00-04:00,100757.30010986328,96246.90002441406,3.3745228462223054e-05
2021-09-10 09:30:00-04:00,100757.30010986328,96246.90002441406,0.0
2021-09-11 09:30:00-04:00,100757.30010986328,96246.90002441406,0.0
2021-09-13 09:30:00-04:00,100728.09997558594,96246.90002441406,-0.0002898066367945651
2021-09-14 09:30:00-04:00,100693.09997558594,96246.90002441406,-0.0003474700705015099
2021-09-15 09:30:00-04:00,100720.10009765625,96246.90002441406,0.00026814272355157875
2021-09-16 09:30:00-04:00,100696.1001586914,96246.90002441406,-0.0002382835098612146
2021-09-17 09:30:00-04:00,100696.1001586914,96246.90002441406,0.0
2021-09-18 09:30:00-04:00,100696.1001586914,96246.90002441406,0.0
2021-09-20 09:30:00-04:00,100612.20001220703,96246.90002441406,-0.0008332015475490673
2021-09-21 09:30:00-04:00,100607.39990234375,96246.90002441406,-4.7709023982211995e-05
2021-09-22 09:30:00-04:00,100645.40008544922,96246.90002441406,0.0003777076352471376
2021-09-23 09:30:00-04:00,100661.30004882812,96246.90002441406,0.00015798003053690834
2021-09-24 09:30:00-04:00,100661.30004882812,96246.90002441406,0.0
2021-09-25 09:30:00-04:00,100661.30004882812,96246.90002441406,0.0
2021-09-27 09:30:00-04:00,100643.80004882812,96246.90002441406,-0.0001738503276980108
2021-09-28 09:30:00-04:00,100598.80004882812,96246.90002441406,-0.0004471214320024286
2021-09-29 09:30:00-04:00,100607.09991455078,96246.90002441406,8.250461952452603e-05
2021-09-30 09:30:00-04:00,100556.70013427734,96246.90002441406,-0.0005009564962735746
2021-10-01 09:30:00-04:00,100556.70013427734,96246.90002441406,0.0
2021-10-02 09:30:00-04:00,100556.70013427734,96246.90002441406,0.0
2021-10-04 09:30:00-04:00,100549.29992675781,96246.90002441406,-7.359238628201759e-05
2021-10-05 09:30:00-04:00,100539.59991455078,96246.90002441406,-9.647021127046074e-05
2021-10-06 09:30:00-04:00,100630.80017089844,96246.90002441406,0.0009071078105062913
2021-10-07 09:30:00-04:00,100641.70013427734,96246.90002441406,0.00010831637391728322
2021-10-08 09:30:00-04:00,100641.70013427734,96246.90002441406,0.0
2021-10-09 09:30:00-04:00,100641.70013427734,96246.90002441406,0.0
2021-10-11 09:30:00-04:00,100603.6001586914,96246.90002441406,-0.0003785704686536384
2021-10-12 09:30:00-04:00,100593.99993896484,96246.90002441406,-9.542620454361384e-05
2021-10-13 09:30:00-04:00,100637.69989013672,96246.90002441406,0.00043441906275121234
2021-10-14 09:30:00-04:00,100694.40002441406,96246.90002441406,0.0005634084874679424
2021-10-15 09:30:00-04:00,100694.40002441406,96246.90002441406,0.0
2021-10-16 09:30:00-04:00,100694.40002441406,96246.90002441406,0.0
2021-10-18 09:30:00-04:00,100736.1001586914,96246.90002441406,0.00041412565413012636
2021-10-19 09:30:00-04:00,100758.20007324219,96246.90002441406,0.00021938425763923242
2021-10-20 09:30:00-04:00,100764.59991455078,96246.90002441406,6.351682844618622e-05
2021-10-21 09:30:00-04:00,100778.20007324219,96246.90002441406,0.00013496960939596292
2021-10-22 09:30:00-04:00,100778.20007324219,96246.90002441406,0.0
2021-10-23 09:30:00-04:00,100778.20007324219,96246.90002441406,0.0
2021-10-25 09:30:00-04:00,100818.90014648438,96246.90002441406,0.00040385790987151893
2021-10-26 09:30:00-04:00,100811.40014648438,96246.90002441406,-7.439081351912069e-05
2021-10-27 09:30:00-04:00,100801.49993896484,96246.90002441406,-9.820523775228018e-05
2021-10-28 09:30:00-04:00,100805.59997558594,96246.90002441406,4.067436123045276e-05
2021-10-29 09:30:00-04:00,100805.59997558594,96246.90002441406,0.0
2021-10-30 09:30:00-04:00,100805.59997558594,96246.90002441406,0.0
2021-11-01 09:30:00-04:00,100849.1000366211,96246.90002441406,0.0004315242510901651
2021-11-02 09:30:00-04:00,100859.89990234375,96246.90002441406,0.00010708936141945458
2021-11-03 09:30:00-04:00,100900.49987792969,96246.90002441406,0.0004025383291599294
2021-11-04 09:30:00-04:00,100939.70001220703,96246.90002441406,0.00038850287485958646
2021-11-05 09:30:00-04:00,100939.70001220703,96246.90002441406,0.0
2021-11-06 09:30:00-04:00,100939.70001220703,96246.90002441406,0.0
2021-11-08 09:30:00-05:00,100943.90014648438,96246.90002441406,4.161033049276952e-05
2021-11-09 09:30:00-05:00,100940.10009765625,96246.90002441406,-3.7645155602339386e-05
2021-11-10 09:30:00-05:00,100902.69989013672,96246.90002441406,-0.0003705188273376292
2021-11-11 09:30:00-05:00,100898.99993896484,96246.90002441406,-3.6668505162928966e-05
2021-11-12 09:30:00-05:00,100898.09997558594,96246.90002441406,-8.919447957334015e-06
2021-11-13 09:30:00-05:00,100898.09997558594,96246.90002441406,0.0
2021-11-15 09:30:00-05:00,100933.30017089844,96246.90002441406,0.00034886876285100676
2021-11-16 09:30:00-05:00,100918.3999633789,96246.90002441406,-0.00014762429737558147
2021-11-17 09:30:00-05:00,100936.90002441406,96246.90002441406,0.00018331702684415419
2021-11-18 09:30:00-05:00,100939.29992675781,96246.90002441406,2.3776263617936166e-05
2021-11-19 09:30:00-05:00,100942.99987792969,96246.90002441406,3.665520936402267e-05
2021-11-20 09:30:00-05:00,100942.99987792969,96246.90002441406,0.0
2021-11-22 09:30:00-05:00,100955.80017089844,96246.90002441406,0.00012680713852608605
2021-11-23 09:30:00-05:00,100919.1000366211,96246.90002441406,-0.00036352675344275553
2021-11-24 09:30:00-05:00,100907.5,96246.90002441406,-0.00011494391663113834
2021-11-25 09:30:00-05:00,100907.5,96246.90002441406,0.0
2021-11-26 09:30:00-05:00,100870.29998779297,96246.90002441406,-0.000368654581741068
2021-11-27 09:30:00-05:00,100870.29998779297,96246.90002441406,0.0
2021-11-29 09:30:00-05:00,100887.60009765625,96246.90002441406,0.00017150846052182978
2021-11-30 09:30:00-05:00,100866.90002441406,96246.90002441406,-0.00020517955846055536
2021-12-01 09:30:00-05:00,100863.30017089844,96246.90002441406,-3.568914594132e-05
2021-12-02 09:30:00-05:00,100754.20013427734,96246.90002441406,-0.0010816623730954822
2021-12-03 09:30:00-05:00,100838.6001586914,96246.90002441406,0.000837682442037968
2021-12-04 09:30:00-05:00,100838.6001586914,96246.90002441406,0.0
2021-12-06 09:30:00-05:00,100808.20007324219,96246.90002441406,-0.0003014727039186704
2021-12-07 09:30:00-05:00,100891.00006103516,96246.90002441406,0.000821361632613371
2021-12-08 09:30:00-05:00,100933.90014648438,96246.90002441406,0.00042521221341118576
2021-12-09 09:30:00-05:00,100928.3999633789,96246.90002441406,-5.449292158021812e-05
2021-12-10 09:30:00-05:00,100939.20013427734,96246.90002441406,0.0001070082444818432
2021-12-11 09:30:00-05:00,100939.20013427734,96246.90002441406,0.0
2021-12-13 09:30:00-05:00,100948.80004882812,96246.90002441406,9.510591066708152e-05
2021-12-14 09:30:00-05:00,100877.79998779297,96246.90002441406,-0.0007033274392643785
2021-12-15 09:30:00-05:00,100881.1001586914,96246.90002441406,3.271454074971203e-05
2021-12-16 09:30:00-05:00,100972.60009765625,96246.90002441406,0.0009070077429855772
2021-12-17 09:30:00-05:00,100862.39990234375,96246.90002441406,-0.0010913871209211612
2021-12-18 09:30:00-05:00,100862.39990234375,96246.90002441406,0.0
2021-12-20 09:30:00-05:00,100808.03013427735,96263.23002441406,-0.0005390489232761642
2021-12-21 09:30:00-05:00,100849.32987792969,96263.23002441406,0.00040968704176980175
2021-12-22 09:30:00-05:00,100891.13010986328,96263.23002441406,0.00041448199987237366
2021-12-23 09:30:00-05:00,100950.73002441406,96263.23002441406,0.0005907349286888852
2021-12-24 09:30:00-05:00,100950.73002441406,96263.23002441406,0.0
2021-12-27 09:30:00-05:00,100983.83,96263.23002441406,0.00032788247868964504
2021-12-28 09:30:00-05:00,101040.4300366211,96263.23002441406,0.0005604861354644441
2021-12-29 09:30:00-05:00,101033.03013427735,96263.23002441406,-7.323704324169178e-05
2021-12-30 09:30:00-05:00,101042.52995117188,96263.23002441406,9.402684331960565e-05
2021-12-31 09:30:00-05:00,101019.63017089844,96263.23002441406,-0.00022663506430908864
2022-01-01 09:30:00-05:00,101019.63017089844,96263.23002441406,0.0
2022-01-03 09:30:00-05:00,101026.22990234375,96263.23002441406,6.533117805074262e-05
2022-01-04 09:30:00-05:00,101055.4300366211,96263.23002441406,0.00028903517735523465
2022-01-05 09:30:00-05:00,101034.83006103516,96263.23002441406,-0.00020384827988428889
2022-01-06 09:30:00-05:00,100942.13017089844,96263.23002441406,-0.0009175042911511166
2022-01-07 09:30:00-05:00,100942.73014648438,96263.23002441406,5.9437579227328285e-06
2022-01-08 09:30:00-05:00,100942.73014648438,96263.23002441406,0.0
2022-01-10 09:30:00-05:00,100890.23014648438,96263.23002441406,-0.0005200968898286806
2022-01-11 09:30:00-05:00,100915.53013427735,96263.23002441406,0.000250767470311386
2022-01-12 09:30:00-05:00,100979.12998779297,96263.23002441406,0.0006302286023864845
2022-01-13 09:30:00-05:00,100985.13004882813,96263.23002441406,5.941882283866384e-05
2022-01-14 09:30:00-05:00,100875.13004882813,96263.23002441406,-0.0010892692810001714
2022-01-15 09:30:00-05:00,100875.13004882813,96263.23002441406,0.0
2022-01-18 09:30:00-05:00,100860.62992675781,96263.23002441406,-0.0001437432800660554
2022-01-19 09:30:00-05:00,100844.53007324219,96263.23002441406,-0.0001596247567293707
2022-01-20 09:30:00-05:00,100800.73002441406,96263.23002441406,-0.0004343324203733845
2022-01-21 09:30:00-05:00,100718.83,96263.23002441406,-0.0008124943578704524
2022-01-22 09:30:00-05:00,100718.83,96263.23002441406,0.0
2022-01-24 09:30:00-05:00,100583.53001220703,96263.23002441406,-0.0013433435216927414
2022-01-25 09:30:00-05:00,100593.83,96263.23002441406,0.00010240232960323503
2022-01-26 09:30:00-05:00,100670.4300366211,96263.23002441406,0.0007614784785616724
2022-01-27 09:30:00-05:00,100645.83012207031,96263.23002441406,-0.0002443608767920269
2022-01-28 09:30:00-05:00,100590.02995117188,96263.23002441406,-0.0005544210905783498
2022-01-29 09:30:00-05:00,100590.02995117188,96263.23002441406,0.0
2022-01-31 09:30:00-05:00,100675.62992675781,96263.23002441406,0.0008509787264949775
2022-02-01 09:30:00-05:00,100770.02995117188,96263.23002441406,0.0009376650981249846
2022-02-02 09:30:00-05:00,100818.23002441406,96263.23002441406,0.0004783175440707943
2022-02-03 09:30:00-05:00,100772.73014648438,96263.23002441406,-0.0004513060576313288
2022-02-04 09:30:00-05:00,100726.73008544922,96263.23002441406,-0.00045647330352460713
2022-02-05 09:30:00-05:00,100726.73008544922,96263.23002441406,0.0
2022-02-07 09:30:00-05:00,100758.33012207031,96263.23002441406,0.0003137204652061687
2022-02-08 09:30:00-05:00,100730.53013427735,96263.23002441406,-0.00027590758758400113
2022-02-09 09:30:00-05:00,100815.4300366211,96263.23002441406,0.0008428418100310253
2022-02-10 09:30:00-05:00,100776.62998779297,96263.23002441406,-0.00038486220625189027
2022-02-11 09:30:00-05:00,100757.33006103516,96263.23002441406,-0.0001915119285110789
2022-02-12 09:30:00-05:00,100757.33006103516,96263.23002441406,0.0
2022-02-14 09:30:00-05:00,100662.43015869141,96263.23002441406,-0.0009418659891669012
2022-02-15 09:30:00-05:00,100700.53013427735,96263.23002441406,0.0003784925073424539
2022-02-16 09:30:00-05:00,100702.52995117188,96263.23002441406,1.985905031354207e-05
2022-02-17 09:30:00-05:00,100695.4300366211,96263.23002441406,-7.050383495055268e-05
2022-02-18 09:30:00-05:00,100636.52989013672,96263.23002441406,-0.0005849336604745181
2022-02-19 09:30:00-05:00,100636.52989013672,96263.23002441406,0.0
2022-02-22 09:30:00-05:00,100582.13017089844,96263.23002441406,-0.0005405563893913223
2022-02-23 09:30:00-05:00,100589.83006103516,96263.23002441406,7.655326173372501e-05
2022-02-24 09:30:00-05:00,100373.42991455078,96263.23002441406,-0.002151312377733139
2022-02-25 09:30:00-05:00,100559.32987792969,96263.23002441406,0.0018520834003297182
2022-02-26 09:30:00-05:00,100559.32987792969,96263.23002441406,0.0
2022-02-28 09:30:00-05:00,100583.53001220703,96263.23002441406,0.00024065528585692775
2022-03-01 09:30:00-05:00,100613.63010986328,96263.23002441406,0.0002992547353686259
2022-03-02 09:30:00-05:00,100586.92997558594,96263.23002441406,-0.00026537293454365063
2022-03-03 09:30:00-05:00,100667.9300366211,96263.23002441406,0.0008052742146003045
2022-03-04 09:30:00-05:00,100580.73002441406,96263.23002441406,-0.0008662144158055884
2022-03-05 09:30:00-05:00,100580.73002441406,96263.23002441406,0.0
2022-03-07 09:30:00-05:00,100578.72990234375,96263.23002441406,-1.988573825051354e-05
2022-03-08 09:30:00-05:00,100459.42997558594,96263.23002441406,-0.0011861347510914166
2022-03-09 09:30:00-05:00,100514.63017089844,96263.23002441406,0.0005494774888321619
2022-03-10 09:30:00-05:00,100488.42991455078,96263.23002441406,-0.00026066112269540476
2022-03-11 09:30:00-05:00,100544.42997558594,96263.23002441406,0.000557278694500285
2022-03-12 09:30:00-05:00,100544.42997558594,96263.23002441406,0.0
2022-03-14 09:30:00-04:00,100460.92991455078,96263.23002441406,-0.0008304792324690391
2022-03-15 09:30:00-04:00,100562.13017089844,96263.23002441406,0.0010073593429180683
2022-03-16 09:30:00-04:00,100599.12998779297,96263.23002441406,0.0003679299238357192
2022-03-17 09:30:00-04:00,100643.23002441406,96263.23002441406,0.00043837393649881484
2022-03-18 09:30:00-04:00,100643.23002441406,96263.23002441406,0.0
2022-03-19 09:30:00-04:00,100643.23002441406,96263.23002441406,0.0
2022-03-21 09:30:00-04:00,100721.82987792969,96263.23002441406,0.0007809750690290773
2022-03-22 09:30:00-04:00,100732.33006103516,96263.23002441406,0.0001042493282557011
2022-03-23 09:30:00-04:00,100722.63004882813,96263.23002441406,-9.629492538443252e-05
2022-03-24 09:30:00-04:00,100774.83006103516,96263.23002441406,0.000518255055311112
2022-03-25 09:30:00-04:00,100774.83006103516,96263.23002441406,0.0
2022-03-26 09:30:00-04:00,100774.83006103516,96263.23002441406,0.0
2022-03-28 09:30:00-04:00,100863.42991455078,96263.23002441406,0.0008791863351391704
2022-03-29 09:30:00-04:00,100866.62998779297,96263.23002441406,3.172679379326304e-05
2022-03-30 09:30:00-04:00,100842.13017089844,96263.23002441406,-0.00024289318377634928
2022-03-31 09:30:00-04:00,100796.33,96263.23002441406,-0.00045417694787708296
2022-04-01 09:30:00-04:00,100796.33,96263.23002441406,0.0
2022-04-02 09:30:00-04:00,100796.33,96263.23002441406,0.0
2022-04-04 09:30:00-04:00,100815.4300366211,96263.23002441406,0.00018949138942958577
2022-04-05 09:30:00-04:00,100732.13017089844,96263.23002441406,-0.0008262610762300726
2022-04-06 09:30:00-04:00,100719.12998779297,96263.23002441406,-0.00012905696606846373
2022-04-07 09:30:00-04:00,100742.9300366211,96263.23002441406,0.00023630117566542097
2022-04-08 09:30:00-04:00,100742.9300366211,96263.23002441406,0.0
2022-04-09 09:30:00-04:00,100742.9300366211,96263.23002441406,0.0
2022-04-11 09:30:00-04:00,100694.02989013672,96263.23002441406,-0.00048539531723568174
2022-04-12 09:30:00-04:00,100643.53001220703,96263.23002441406,-0.0005015180938212627
2022-04-13 09:30:00-04:00,100698.72990234375,96263.23002441406,0.0005484693365784832
2022-04-14 09:30:00-04:00,100698.72990234375,96263.23002441406,0.0
2022-04-15 09:30:00-04:00,100698.72990234375,96263.23002441406,0.0
2022-04-18 09:30:00-04:00,100641.82987792969,96263.23002441406,-0.0005650520564582928
2022-04-19 09:30:00-04:00,100732.43015869141,96263.23002441406,0.0009002248952707514
2022-04-20 09:30:00-04:00,100748.63010986328,96263.23002441406,0.0001608216057764622
2022-04-21 09:30:00-04:00,100632.33006103516,96263.23002441406,-0.0011543586121349758
2022-04-22 09:30:00-04:00,100632.33006103516,96263.23002441406,0.0
2022-04-23 09:30:00-04:00,100632.33006103516,96263.23002441406,0.0
2022-04-25 09:30:00-04:00,100521.52989013672,96263.23002441406,-0.0011010395052090116
2022-04-26 09:30:00-04:00,100435.62992675781,96263.23002441406,-0.0008545429369488655
2022-04-27 09:30:00-04:00,100486.13010986328,96263.23002441406,0.0005028114339731271
2022-04-28 09:30:00-04:00,100499.12998779297,96263.23002441406,0.00012936987338929562
2022-04-29 09:30:00-04:00,100499.12998779297,96263.23002441406,0.0
2022-04-30 09:30:00-04:00,100499.12998779297,96263.23002441406,0.0
2022-05-02 09:30:00-04:00,100413.33012207031,96263.23002441406,-0.0008537373978568796
2022-05-03 09:30:00-04:00,100434.02989013672,96263.23002441406,0.0002061456187265609
2022-05-04 09:30:00-04:00,100508.72990234375,96263.23002441406,0.000743771929581527
2022-05-05 09:30:00-04:00,100374.23008544922,96263.23002441406,-0.0013381903942594198
2022-05-06 09:30:00-04:00,100374.23008544922,96263.23002441406,0.0
2022-05-07 09:30:00-04:00,100374.23008544922,96263.23002441406,0.0
2022-05-09 09:30:00-04:00,100308.12992675781,96263.23002441406,-0.0006585371428018405
2022-05-10 09:30:00-04:00,100243.93009765625,96263.23002441406,-0.0006400261788196415
2022-05-11 09:30:00-04:00,100156.92997558594,96263.23002441406,-0.0008678841899509848
2022-05-12 09:30:00-04:00,100230.32993896485,96263.23002441406,0.0007328495731329099
2022-05-13 09:30:00-04:00,100230.32993896485,96263.23002441406,0.0
2022-05-14 09:30:00-04:00,100230.32993896485,96263.23002441406,0.0
2022-05-16 09:30:00-04:00,100328.53001220703,96263.23002441406,0.0009797440884609099
2022-05-17 09:30:00-04:00,100298.23002441406,96263.23002441406,-0.00030200769202226585
2022-05-18 09:30:00-04:00,100149.42997558594,96263.23002441406,-0.0014835760191571623
2022-05-19 09:30:00-04:00,100195.73002441406,96263.23002441406,0.00046230965907057
2022-05-20 09:30:00-04:00,100195.73002441406,96263.23002441406,0.0
2022-05-21 09:30:00-04:00,100195.73002441406,96263.23002441406,0.0
2022-05-23 09:30:00-04:00,100188.83,96263.23002441406,-6.886545377116082e-05
2022-05-24 09:30:00-04:00,100186.33,96263.23002441406,-2.4952881473860877e-05
2022-05-25 09:30:00-04:00,100249.93015869141,96263.23002441406,0.0006348187291760343
2022-05-26 09:30:00-04:00,100342.33006103516,96263.23002441406,0.000921695428590219
2022-05-27 09:30:00-04:00,100342.33006103516,96263.23002441406,0.0
2022-05-28 09:30:00-04:00,100342.33006103516,96263.23002441406,0.0
2022-05-31 09:30:00-04:00,100414.93015869141,96263.23002441406,0.0007235241359462297
2022-06-01 09:30:00-04:00,100357.43015869141,96263.23002441406,-0.0005726240102854607
2022-06-02 09:30:00-04:00,100387.22996337891,96263.23002441406,0.00029693670553720963
2022-06-03 09:30:00-04:00,100387.22996337891,96263.23002441406,0.0
2022-06-04 09:30:00-04:00,100387.22996337891,96263.23002441406,0.0
2022-06-06 09:30:00-04:00,100344.23008544922,96263.23002441406,-0.00042834011801473615
2022-06-07 09:30:00-04:00,100402.52995117188,96263.23002441406,0.0005809986849569793
2022-06-08 09:30:00-04:00,100356.62998779297,96263.23002441406,-0.0004571594301581161
2022-06-09 09:30:00-04:00,100212.03007324219,96263.23002441406,-0.0014408606045098749
2022-06-10 09:30:00-04:00,100212.03007324219,96263.23002441406,0.0
2022-06-11 09:30:00-04:00,100212.03007324219,96263.23002441406,0.0
2022-06-13 09:30:00-04:00,100031.73008544922,96263.23002441406,-0.0017991850645195928
2022-06-14 09:30:00-04:00,100036.82987792969,96263.23002441406,5.0981748252354464e-05
2022-06-15 09:30:00-04:00,99968.33012207031,96263.23002441406,-0.0006847453677106818
2022-06-16 09:30:00-04:00,99918.33012207031,96263.23002441406,-0.0005001583995546399
2022-06-17 09:30:00-04:00,99918.33012207031,96263.23002441406,0.0
2022-06-18 09:30:00-04:00,99918.33012207031,96263.23002441406,0.0
2022-06-21 09:30:00-04:00,99969.42997558594,96263.23002441406,0.0005114162081492069
2022-06-22 09:30:00-04:00,100029.63017089844,96263.23002441406,0.0006021860415448277
2022-06-23 09:30:00-04:00,100077.22996337891,96263.23002441406,0.0004758569275837843
2022-06-24 09:30:00-04:00,100077.22996337891,96263.23002441406,0.0
2022-06-25 09:30:00-04:00,100077.22996337891,96263.23002441406,0.0
2022-06-27 09:30:00-04:00,100165.53013427735,96263.23002441406,0.0008823202933450069
2022-06-28 09:30:00-04:00,100075.53013427735,96263.23002441406,-0.000898512690736486
2022-06-29 09:30:00-04:00,100025.62992675781,96263.23002441406,-0.000498625462713731
2022-06-30 09:30:00-04:00,100028.83,96263.23002441406,3.199253275920633e-05
2022-07-01 09:30:00-04:00,100028.83,96263.23002441406,0.0
2022-07-02 09:30:00-04:00,100028.83,96263.23002441406,0.0
2022-07-05 09:30:00-04:00,100084.32987792969,96263.23002441406,0.0005548388192653242
2022-07-06 09:30:00-04:00,100114.42997558594,96263.23002441406,0.00030074735668383923
2022-07-07 09:30:00-04:00,100135.92991455078,96263.23002441406,0.00021475364710243916
2022-07-08 09:30:00-04:00,100135.92991455078,96263.23002441406,0.0
2022-07-09 09:30:00-04:00,100135.92991455078,96263.23002441406,0.0
2022-07-11 09:30:00-04:00,100099.72996337891,96263.23002441406,-0.0003615081140482257
2022-07-12 09:30:00-04:00,100014.23008544922,96263.23002441406,-0.0008541469388675393
2022-07-13 09:30:00-04:00,99999.32987792969,96263.23002441406,-0.00014898087508952162
2022-07-14 09:30:00-04:00,100088.72990234375,96263.23002441406,0.000894006235073741
2022-07-15 09:30:00-04:00,100088.72990234375,96263.23002441406,0.0
2022-07-16 09:30:00-04:00,100088.72990234375,96263.23002441406,0.0
2022-07-18 09:30:00-04:00,100124.02989013672,96263.23002441406,0.00035268693915302407
2022-07-19 09:30:00-04:00,100187.9300366211,96263.23002441406,0.0006382098938135794
2022-07-20 09:30:00-04:00,100204.83006103516,96263.23002441406,0.00016868323767038618
2022-07-21 09:30:00-04:00,100252.43015869141,96263.23002441406,0.00047502797646825634
2022-07-22 09:30:00-04:00,100252.43015869141,96263.23002441406,0.0
2022-07-23 09:30:00-04:00,100252.43015869141,96263.23002441406,0.0
2022-07-25 09:30:00-04:00,100201.62998779297,96263.23002441406,-0.0005067225883504944
2022-07-26 09:30:00-04:00,100206.82987792969,96263.23002441406,5.189426696294852e-05
2022-07-27 09:30:00-04:00,100282.13017089844,96263.23002441406,0.0007514487092394884
2022-07-28 09:30:00-04:00,100339.02989013672,96263.23002441406,0.0005673963959611505
2022-07-29 09:30:00-04:00,100339.02989013672,96263.23002441406,0.0
2022-07-30 09:30:00-04:00,100339.02989013672,96263.23002441406,0.0
2022-08-01 09:30:00-04:00,100354.42997558594,96263.23002441406,0.0001534805096887748
2022-08-02 09:30:00-04:00,100366.22990234375,96263.23002441406,0.00011758251988158719
2022-08-03 09:30:00-04:00,100406.92997558594,96263.23002441406,0.00040551561298851624
2022-08-04 09:30:00-04:00,100359.83006103516,96263.23002441406,-0.00046909027655994695
2022-08-05 09:30:00-04:00,100359.83006103516,96263.23002441406,0.0
2022-08-06 09:30:00-04:00,100359.83006103516,96263.23002441406,0.0
2022-08-08 09:30:00-04:00,100385.4300366211,96263.23002441406,0.000255081894522613
2022-08-09 09:30:00-04:00,100451.03001220703,96263.23002441406,0.000653481043633608
2022-08-10 09:30:00-04:00,100493.12992675781,96263.23002441406,0.00041910883886076
2022-08-11 09:30:00-04:00,100483.53001220703,96263.23002441406,-9.55280680159376e-05
2022-08-12 09:30:00-04:00,100483.53001220703,96263.23002441406,0.0
2022-08-13 09:30:00-04:00,100483.53001220703,96263.23002441406,0.0
2022-08-15 09:30:00-04:00,100540.53013427735,96263.23002441406,0.0005672583563036682
2022-08-16 09:30:00-04:00,100522.33006103516,96263.23002441406,-0.000181022252596863
2022-08-17 09:30:00-04:00,100531.82987792969,96263.23002441406,9.450454330650615e-05
2022-08-18 09:30:00-04:00,100513.03013427735,96263.23002441406,-0.00018700289923268
2022-08-19 09:30:00-04:00,100513.03013427735,96263.23002441406,0.0
2022-08-20 09:30:00-04:00,100513.03013427735,96263.23002441406,0.0
2022-08-22 09:30:00-04:00,100392.22996337891,96263.23002441406,-0.0012018359285065339
2022-08-23 09:30:00-04:00,100384.32987792969,96263.23002441406,-7.869220010459088e-05
2022-08-24 09:30:00-04:00,100415.62992675781,96263.23002441406,0.00031180213949921765
2022-08-25 09:30:00-04:00,100457.13017089844,96263.23002441406,0.0004132847064834966
2022-08-26 09:30:00-04:00,100457.13017089844,96263.23002441406,0.0
2022-08-27 09:30:00-04:00,100457.13017089844,96263.23002441406,0.0
2022-08-29 09:30:00-04:00,100301.73008544922,96263.23002441406,-0.001546929373603012
2022-08-30 09:30:00-04:00,100262.52995117188,96263.23002441406,-0.00039082211487229124
2022-08-31 09:30:00-04:00,100192.13017089844,96263.23002441406,-0.0007021544370336974
2022-09-01 09:30:00-04:00,100266.03001220703,96263.23002441406,0.0007375812968797302
2022-09-02 09:30:00-04:00,100266.03001220703,96263.23002441406,0.0
2022-09-03 09:30:00-04:00,100266.03001220703,96263.23002441406,0.0
2022-09-06 09:30:00-04:00,100167.52995117188,96263.23002441406,-0.0009823871656547967
2022-09-07 09:30:00-04:00,100217.13017089844,96263.23002441406,0.0004951726347923735
2022-09-08 09:30:00-04:00,100290.62992675781,96263.23002441406,0.0007334051148146781
2022-09-09 09:30:00-04:00,100290.62992675781,96263.23002441406,0.0
2022-09-10 09:30:00-04:00,100290.62992675781,96263.23002441406,0.0
2022-09-12 09:30:00-04:00,100281.52989013672,96263.23002441406,-9.073665832726174e-05
2022-09-13 09:30:00-04:00,100207.9300366211,96263.23002441406,-0.0007339322963686445
2022-09-14 09:30:00-04:00,100192.82993896485,96263.23002441406,-0.00015068765167314258
2022-09-15 09:30:00-04:00,100104.63017089844,96263.23002441406,-0.0008803001983289649
2022-09-16 09:30:00-04:00,100104.63017089844,96263.23002441406,0.0
2022-09-17 09:30:00-04:00,100104.63017089844,96263.23002441406,0.0
2022-09-19 09:30:00-04:00,100113.83,96263.23002441406,9.190213365606326e-05
2022-09-20 09:30:00-04:00,100124.32987792969,96263.23002441406,0.00010487939508152522
2022-09-21 09:30:00-04:00,100029.02989013672,96263.23002441406,-0.0009518164856550104
2022-09-22 09:30:00-04:00,99969.02989013672,96263.23002441406,-0.000599825871208548
2022-09-23 09:30:00-04:00,99969.02989013672,96263.23002441406,0.0
2022-09-24 09:30:00-04:00,99969.02989013672,96263.23002441406,0.0
2022-09-26 09:30:00-04:00,99943.42991455078,96263.23002441406,-0.00025607906382674184
2022-09-27 09:30:00-04:00,99907.03007324219,96263.23002441406,-0.0003642044438509906
2022-09-28 09:30:00-04:00,99931.33,96263.23002441406,0.00024322539404875165
2022-09-29 09:30:00-04:00,99881.22990234375,96263.23002441406,-0.0005013452503459526
2022-09-30 09:30:00-04:00,99881.22990234375,96263.23002441406,0.0
2022-10-01 09:30:00-04:00,99881.22990234375,96263.23002441406,0.0
2022-10-03 09:30:00-04:00,99987.22996337891,96263.23002441406,0.0010612610711622228
2022-10-04 09:30:00-04:00,99997.13017089844,96263.23002441406,9.901471941131668e-05
2022-10-05 09:30:00-04:00,100019.42997558594,96263.23002441406,0.00022300444672151976
2022-10-06 09:30:00-04:00,99952.9300366211,96263.23002441406,-0.000664870205529855
2022-10-07 09:30:00-04:00,99952.9300366211,96263.23002441406,0.0
2022-10-08 09:30:00-04:00,99952.9300366211,96263.23002441406,0.0
2022-10-10 09:30:00-04:00,99845.62992675781,96263.23002441406,-0.0010735063977010961
2022-10-11 09:30:00-04:00,99844.93015869141,96263.23002441406,-7.008499690153158e-06
2022-10-12 09:30:00-04:00,99755.32993896485,96263.23002441406,-0.0008973937843830271
2022-10-13 09:30:00-04:00,99948.72990234375,96263.23002441406,0.0019387431578568037
2022-10-14 09:30:00-04:00,99948.72990234375,96263.23002441406,0.0
2022-10-15 09:30:00-04:00,99948.72990234375,96263.23002441406,0.0
2022-10-17 09:30:00-04:00,100014.53007324219,96263.23002441406,0.0006583392401557919
2022-10-18 09:30:00-04:00,99953.12992675781,96263.23002441406,-0.0006139122629422733
2022-10-19 09:30:00-04:00,99943.53001220703,96263.23002441406,-9.604416147668271e-05
2022-10-20 09:30:00-04:00,99914.42997558594,96263.23002441406,-0.00029116478693058667
2022-10-21 09:30:00-04:00,99914.42997558594,96263.23002441406,0.0
2022-10-22 09:30:00-04:00,99914.42997558594,96263.23002441406,0.0
2022-10-24 09:30:00-04:00,100051.13010986328,96263.23002441406,0.0013681720879630266
2022-10-25 09:30:00-04:00,100079.42997558594,96263.23002441406,0.0002828540336483609
2022-10-26 09:30:00-04:00,100093.93009765625,96263.23002441406,0.00014488613767937863
2022-10-27 09:30:00-04:00,100061.92997558594,96263.23002441406,-0.00031970092531175
2022-10-28 09:30:00-04:00,100061.92997558594,96263.23002441406,0.0
2022-10-29 09:30:00-04:00,100061.92997558594,96263.23002441406,0.0
2022-10-31 09:30:00-04:00,100164.63017089844,96263.23002441406,0.001026366324710759
2022-11-01 09:30:00-04:00,100102.22996337891,96263.23002441406,-0.0006229764679713812
2022-11-02 09:30:00-04:00,99977.9300366211,96263.23002441406,-0.0012417298476096184
2022-11-03 09:30:00-04:00,100033.23002441406,96263.23002441406,0.0005531219517418418
2022-11-04 09:30:00-04:00,100033.23002441406,96263.23002441406,0.0
2022-11-05 09:30:00-04:00,100033.23002441406,96263.23002441406,0.0
2022-11-07 09:30:00-05:00,100040.32993896485,96263.23002441406,7.097556031188113e-05
2022-11-08 09:30:00-05:00,100074.32987792969,96263.23002441406,0.0003398623233807907
2022-11-09 09:30:00-05:00,100062.52995117188,96263.23002441406,-0.0001179116240119793
2022-11-10 09:30:00-05:00,100143.72990234375,96263.23002441406,0.00081149208611353
2022-11-11 09:30:00-05:00,100219.12998779297,96263.23002441406,0.0007529186852011094
2022-11-12 09:30:00-05:00,100219.12998779297,96263.23002441406,0.0
2022-11-14 09:30:00-05:00,100229.83006103516,96263.23002441406,0.00010676677440213389
2022-11-15 09:30:00-05:00,100274.72996337891,96263.23002441406,0.00044796945496572427
2022-11-16 09:30:00-05:00,100231.03001220703,96263.23002441406,-0.00043580223240524685
2022-11-17 09:30:00-05:00,100167.82993896485,96263.23002441406,-0.0006305439865726958
2022-11-18 09:30:00-05:00,100240.62992675781,96263.23002441406,0.0007267801232924143
2022-11-19 09:30:00-05:00,100240.62992675781,96263.23002441406,0.0
2022-11-21 09:30:00-05:00,100209.63017089844,96263.23002441406,-0.00030925340235821164
2022-11-22 09:30:00-05:00,100229.53007324219,96263.23002441406,0.00019858273411266225
2022-11-23 09:30:00-05:00,100258.72990234375,96263.23002441406,0.0002913296019668721
2022-11-24 09:30:00-05:00,100258.72990234375,96263.23002441406,0.0
2022-11-25 09:30:00-05:00,100281.52989013672,96263.23002441406,0.0002274114963871643
2022-11-26 09:30:00-05:00,100281.52989013672,96263.23002441406,0.0
2022-11-28 09:30:00-05:00,100254.12998779297,96263.23002441406,-0.00027322979988209095
2022-11-29 09:30:00-05:00,100223.72990234375,96263.23002441406,-0.0003032302554809574
2022-11-30 09:30:00-05:00,100218.12992675781,96263.23002441406,-5.587474734169984e-05
2022-12-01 09:30:00-05:00,100350.92991455078,96263.23002441406,0.0013251094177273437
2022-12-02 09:30:00-05:00,100285.73002441406,96263.23002441406,-0.0006497188435845569
2022-12-03 09:30:00-05:00,100285.73002441406,96263.23002441406,0.0
2022-12-05 09:30:00-05:00,100302.73014648438,96263.23002441406,0.0001695168601372199
2022-12-06 09:30:00-05:00,100257.43015869141,96263.23002441406,-0.00045163264974756867
2022-12-07 09:30:00-05:00,100192.63004882813,96263.23002441406,-0.0006463372316716232
2022-12-08 09:30:00-05:00,100214.63017089844,96263.23002441406,0.00021957824701868134
2022-12-09 09:30:00-05:00,100212.63004882813,96263.23002441406,-1.9958383989493456e-05
2022-12-10 09:30:00-05:00,100212.63004882813,96263.23002441406,0.0
2022-12-12 09:30:00-05:00,100204.32987792969,96263.23002441406,-8.282559687733393e-05
2022-12-13 09:30:00-05:00,100365.4300366211,96263.23002441406,0.0016077165416670258
2022-12-14 09:30:00-05:00,100279.32987792969,96263.23002441406,-0.0008578666843751526
2022-12-15 09:30:00-05:00,100206.22990234375,96263.23002441406,-0.0007289635428848751
2022-12-16 09:30:00-05:00,100115.02995117188,96263.23002441406,-0.0009101225668379787
2022-12-17 09:30:00-05:00,100115.02995117188,96263.23002441406,0.0
2022-12-19 09:30:00-05:00,100115.7400366211,96281.04002441406,7.092695767596524e-06
2022-12-20 09:30:00-05:00,100073.34013427734,96281.04002441406,-0.00042350885413466877
2022-12-21 09:30:00-05:00,100113.54002441406,96281.04002441406,0.00040170429090080617
2022-12-22 09:30:00-05:00,100111.53990234375,96281.04002441406,-1.997853706725561e-05
2022-12-23 09:30:00-05:00,100077.5399633789,96281.04002441406,-0.0003396205771882821
2022-12-24 09:30:00-05:00,100077.5399633789,96281.04002441406,0.0
2022-12-27 09:30:00-05:00,100108.94010986328,96281.04002441406,0.0003137581768684061
2022-12-28 09:30:00-05:00,100094.33989013672,96281.04002441406,-0.00014584331539757578
2022-12-29 09:30:00-05:00,100077.34007324219,96281.04002441406,-0.0001698379440154829
2022-12-30 09:30:00-05:00,100087.44017089844,96281.04002441406,0.00010092292270025283
2022-12-31 09:30:00-05:00,100087.44017089844,96281.04002441406,0.0
2023-01-03 09:30:00-05:00,100124.73997558594,96281.04002441406,0.00037267218168235416
2023-01-04 09:30:00-05:00,100112.83995117187,96281.04002441406,-0.00011885198819960863
2023-01-05 09:30:00-05:00,100098.2400366211,96281.04002441406,-0.00014583458583239395
2023-01-06 09:30:00-05:00,100107.13987792969,96281.04002441406,8.891106682140659e-05
2023-01-07 09:30:00-05:00,100107.13987792969,96281.04002441406,0.0
2023-01-09 09:30:00-05:00,100184.73997558594,96281.04002441406,0.0007751704598779607
2023-01-10 09:30:00-05:00,100153.54002441406,96281.04002441406,-0.0003114241867522294
2023-01-11 09:30:00-05:00,100203.34013427734,96281.04002441406,0.0004972376398391098
2023-01-12 09:30:00-05:00,100247.7401586914,96281.04002441406,0.00044309924553975755
2023-01-13 09:30:00-05:00,100217.23997558594,96281.04002441406,-0.00030424808636275724
2023-01-14 09:30:00-05:00,100217.23997558594,96281.04002441406,0.0
2023-01-17 09:30:00-05:00,100265.84013427734,96281.04002441406,0.000484948085810899
2023-01-18 09:30:00-05:00,100271.14012207031,96281.04002441406,5.2859356545198466e-05
2023-01-19 09:30:00-05:00,100174.63987792969,96281.04002441406,-0.0009623930078300758
2023-01-20 09:30:00-05:00,100182.04008544922,96281.04002441406,7.387306336759103e-05
2023-01-21 09:30:00-05:00,100182.04008544922,96281.04002441406,0.0
2023-01-23 09:30:00-05:00,100248.2400366211,96281.04002441406,0.0006607965970288898
2023-01-24 09:30:00-05:00,100269.84007324219,96281.04002441406,0.000215465494588285
2023-01-25 09:30:00-05:00,100240.54014648437,96281.04002441406,-0.0002922107658335227
2023-01-26 09:30:00-05:00,100312.34007324219,96281.04002441406,0.0007162763354315871
2023-01-27 09:30:00-05:00,100317.64006103516,96281.04002441406,5.2834853509597934e-05
2023-01-28 09:30:00-05:00,100317.64006103516,96281.04002441406,0.0
2023-01-30 09:30:00-05:00,100309.03990234375,96281.04002441406,-8.572927638816896e-05
2023-01-31 09:30:00-05:00,100292.34007324219,96281.04002441406,-0.00016648378967454303
2023-02-01 09:30:00-05:00,100333.13993896484,96281.04002441406,0.0004068093903568659
2023-02-02 09:30:00-05:00,100429.63987792969,96281.04002441406,0.000961795265488119
2023-02-03 09:30:00-05:00,100396.93998779297,96281.04002441406,-0.00032559999395065375
2023-02-04 09:30:00-05:00,100396.93998779297,96281.04002441406,0.0
2023-02-06 09:30:00-05:00,100378.94010986328,96281.04002441406,-0.00017928711703640854
2023-02-07 09:30:00-05:00,100369.73997558594,96281.04002441406,-9.165402889566021e-05
2023-02-08 09:30:00-05:00,100412.34007324219,96281.04002441406,0.00042443168296157907
2023-02-09 09:30:00-05:00,100425.14006103516,96281.04002441406,0.00012747425051173877
2023-02-10 09:30:00-05:00,100339.63987792969,96281.04002441406,-0.0008513822639779622
2023-02-11 09:30:00-05:00,100339.63987792969,96281.04002441406,0.0
2023-02-13 09:30:00-05:00,100368.2400366211,96281.04002441406,0.0002850334994843884
2023-02-14 09:30:00-05:00,100393.43992675781,96281.04002441406,0.00025107434510673876
2023-02-15 09:30:00-05:00,100384.54008544922,96281.04002441406,-8.864963004640014e-05
2023-02-16 09:30:00-05:00,100368.94010986328,96281.04002441406,-0.0001554021722135479
2023-02-17 09:30:00-05:00,100341.64,96281.04002441406,-0.00027199759042384475
2023-02-18 09:30:00-05:00,100341.64,96281.04002441406,0.0
2023-02-21 09:30:00-05:00,100311.64,96281.04002441406,-0.00029897856961480507
2023-02-22 09:30:00-05:00,100276.23991455078,96281.04002441406,-0.0003529010735864313
2023-02-23 09:30:00-05:00,100296.64,96281.04002441406,0.00020343887511731218
2023-02-24 09:30:00-05:00,100235.2401586914,96281.04002441406,-0.0006121824351104088
2023-02-25 09:30:00-05:00,100235.2401586914,96281.04002441406,0.0
2023-02-27 09:30:00-05:00,100279.73997558594,96281.04002441406,0.0004439538112950281
2023-02-28 09:30:00-05:00,100253.34013427734,96281.04002441406,-0.00026326196413173353
2023-03-01 09:30:00-05:00,100235.14006103516,96281.04002441406,-0.00018154081667309807
2023-03-02 09:30:00-05:00,100207.83995117187,96281.04002441406,-0.0002723606695881342
2023-03-03 09:30:00-05:00,100278.13993896484,96281.04002441406,0.0007015417938078805
2023-03-04 09:30:00-05:00,100278.13993896484,96281.04002441406,0.0
2023-03-06 09:30:00-05:00,100331.53990234375,96281.04002441406,0.0005325184871938227
2023-03-07 09:30:00-05:00,100325.2401586914,96281.04002441406,-6.278926505542959e-05
2023-03-08 09:30:00-05:00,100264.94017089844,96281.04002441406,-0.0006010450380939947
2023-03-09 09:30:00-05:00,100278.43992675781,96281.04002441406,0.00013464084091974193
2023-03-10 09:30:00-05:00,100190.93992675781,96281.04002441406,-0.0008725704155739811
2023-03-11 09:30:00-05:00,100190.93992675781,96281.04002441406,0.0
2023-03-13 09:30:00-04:00,100186.04002441406,96281.04002441406,-4.8905643038499313e-05
2023-03-14 09:30:00-04:00,100139.94017089844,96281.04002441406,-0.0004601424859630443
2023-03-15 09:30:00-04:00,100149.24009765625,96281.04002441406,9.286930611240862e-05
2023-03-16 09:30:00-04:00,100213.2400366211,96281.04002441406,0.0006390456772555897
2023-03-17 09:30:00-04:00,100213.2400366211,96281.04002441406,0.0
2023-03-18 09:30:00-04:00,100213.2400366211,96281.04002441406,0.0
2023-03-20 09:30:00-04:00,100253.43992675781,96281.04002441406,0.000401143502814838
2023-03-21 09:30:00-04:00,100268.34013427734,96281.04002441406,0.00014862539909277217
2023-03-22 09:30:00-04:00,100231.93998779297,96281.04002441406,-0.0003630273168542253
2023-03-23 09:30:00-04:00,100199.43998779297,96281.04002441406,-0.00032424793936902674
2023-03-24 09:30:00-04:00,100199.43998779297,96281.04002441406,0.0
2023-03-25 09:30:00-04:00,100199.43998779297,96281.04002441406,0.0
2023-03-27 09:30:00-04:00,100238.73991455078,96281.04002441406,0.0003922170299814898
2023-03-28 09:30:00-04:00,100280.33995117187,96281.04002441406,0.0004150095727115666
2023-03-29 09:30:00-04:00,100321.93998779297,96281.04002441406,0.0004148374112149522
2023-03-30 09:30:00-04:00,100327.64006103516,96281.04002441406,5.68178131610253e-05
2023-03-31 09:30:00-04:00,100327.64006103516,96281.04002441406,0.0
2023-04-01 09:30:00-04:00,100327.64006103516,96281.04002441406,0.0
2023-04-03 09:30:00-04:00,100397.23997558594,96281.04002441406,0.0006937262204955719
2023-04-04 09:30:00-04:00,100360.14006103516,96281.04002441406,-0.00036953121978056114
2023-04-05 09:30:00-04:00,100348.73991455078,96281.04002441406,-0.00011359237320152094
2023-04-06 09:30:00-04:00,100348.73991455078,96281.04002441406,0.0
2023-04-07 09:30:00-04:00,100348.73991455078,96281.04002441406,0.0
2023-04-10 09:30:00-04:00,100383.64012207031,96281.04002441406,0.0003477891954521972
2023-04-11 09:30:00-04:00,100399.73997558594,96281.04002441406,0.0001603832406957828
2023-04-12 09:30:00-04:00,100372.83995117187,96281.04002441406,-0.0002679292239262665
2023-04-13 09:30:00-04:00,100409.14,96281.04002441406,0.00036165210475047616
2023-04-14 09:30:00-04:00,100409.14,96281.04002441406,0.0
2023-04-15 09:30:00-04:00,100409.14,96281.04002441406,0.0
2023-04-17 09:30:00-04:00,100436.83989013672,96281.04002441406,0.00027587020600639
2023-04-18 09:30:00-04:00,100403.2400366211,96281.04002441406,-0.000334537143466318
2023-04-19 09:30:00-04:00,100393.13993896484,96281.04002441406,-0.00010059533589323877
2023-04-20 09:30:00-04:00,100402.94004882812,96281.04002441406,9.761732593727146e-05
2023-04-21 09:30:00-04:00,100402.94004882812,96281.04002441406,0.0
2023-04-22 09:30:00-04:00,100402.94004882812,96281.04002441406,0.0
2023-04-24 09:30:00-04:00,100386.83989013672,96281.04002441406,-0.0001603554505832383
2023-04-25 09:30:00-04:00,100348.2400366211,96281.04002441406,-0.0003845110928670792
2023-04-26 09:30:00-04:00,100351.04002441406,96281.04002441406,2.7902709523797142e-05
2023-04-27 09:30:00-04:00,100395.93992675781,96281.04002441406,0.0004474283707756044
2023-04-28 09:30:00-04:00,100395.93992675781,96281.04002441406,0.0
2023-04-29 09:30:00-04:00,100395.93992675781,96281.04002441406,0.0
2023-05-01 09:30:00-04:00,100428.73991455078,96281.04002441406,0.00032670631717679477
2023-05-02 09:30:00-04:00,100394.63987792969,96281.04002441406,-0.00033954460297025424
2023-05-03 09:30:00-04:00,100350.33995117187,96281.04002441406,-0.0004412578879876561
2023-05-04 09:30:00-04:00,100370.14006103516,96281.04002441406,0.00019730984342380964
2023-05-05 09:30:00-04:00,100370.14006103516,96281.04002441406,0.0
2023-05-06 09:30:00-04:00,100370.14006103516,96281.04002441406,0.0
2023-05-08 09:30:00-04:00,100392.34007324219,96281.04002441406,0.00022118144094984693
2023-05-09 09:30:00-04:00,100419.84007324219,96281.04002441406,0.00027392528135061767
2023-05-10 09:30:00-04:00,100400.54014648437,96281.04002441406,-0.00019219236700374065
2023-05-11 09:30:00-04:00,100415.2401586914,96281.04002441406,0.00014641367651591075
2023-05-12 09:30:00-04:00,100415.2401586914,96281.04002441406,0.0
2023-05-13 09:30:00-04:00,100415.2401586914,96281.04002441406,0.0
2023-05-15 09:30:00-04:00,100399.63987792969,96281.04002441406,-0.00015535770005692395
2023-05-16 09:30:00-04:00,100404.54008544922,96281.04002441406,4.880702286880201e-05
2023-05-17 09:30:00-04:00,100430.0399633789,96281.04002441406,0.00025397136332672154
2023-05-18 09:30:00-04:00,100482.7401586914,96281.04002441406,0.0005247453384635836
2023-05-19 09:30:00-04:00,100482.7401586914,96281.04002441406,0.0
2023-05-20 09:30:00-04:00,100482.7401586914,96281.04002441406,0.0
2023-05-22 09:30:00-04:00,100451.83989013672,96281.04002441406,-0.00030751817183616303
2023-05-23 09:30:00-04:00,100405.2401586914,96281.04002441406,-0.0004639012236736795
2023-05-24 09:30:00-04:00,100428.43992675781,96281.04002441406,0.00023106132737438223
2023-05-25 09:30:00-04:00,100434.33989013672,96281.04002441406,5.8747934182923345e-05
2023-05-26 09:30:00-04:00,100434.33989013672,96281.04002441406,0.0
2023-05-27 09:30:00-04:00,100434.33989013672,96281.04002441406,0.0
2023-05-30 09:30:00-04:00,100463.84001220703,96281.04002441406,0.000293725453889504
2023-05-31 09:30:00-04:00,100461.93998779297,96281.04002441406,-1.8912520304170677e-05
2023-06-01 09:30:00-04:00,100526.04002441406,96281.04002441406,0.0006380529445169092
2023-06-02 09:30:00-04:00,100526.04002441406,96281.04002441406,0.0
2023-06-03 09:30:00-04:00,100526.04002441406,96281.04002441406,0.0
2023-06-05 09:30:00-04:00,100547.7401586914,96281.04002441406,0.00021586580225463337
2023-06-06 09:30:00-04:00,100565.44004882812,96281.04002441406,0.00017603468868410133
2023-06-07 09:30:00-04:00,100547.23997558594,96281.04002441406,-0.00018097741364575537
2023-06-08 09:30:00-04:00,100580.63993896484,96281.04002441406,0.00033218180217597926
2023-06-09 09:30:00-04:00,100580.63993896484,96281.04002441406,0.0
2023-06-10 09:30:00-04:00,100580.63993896484,96281.04002441406,0.0
2023-06-12 09:30:00-04:00,100634.24009765625,96281.04002441406,0.0005329073142101848
2023-06-13 09:30:00-04:00,100651.14012207031,96281.04002441406,0.00016793513219415246
2023-06-14 09:30:00-04:00,100644.33989013672,96281.04002441406,-6.756239348448823e-05
2023-06-15 09:30:00-04:00,100711.23991455078,96281.04002441406,0.0006647172060256779
2023-06-16 09:30:00-04:00,100711.23991455078,96281.04002441406,0.0
2023-06-17 09:30:00-04:00,100711.23991455078,96281.04002441406,0.0
2023-06-20 09:30:00-04:00,100642.64006103516,96281.04002441406,-0.0006811538967629316
2023-06-21 09:30:00-04:00,100620.54014648437,96281.04002441406,-0.0002195879851460969
2023-06-22 09:30:00-04:00,100610.33995117187,96281.04002441406,-0.00010137289362244228
2023-06-23 09:30:00-04:00,100610.33995117187,96281.04002441406,0.0
2023-06-24 09:30:00-04:00,100610.33995117187,96281.04002441406,0.0
2023-06-26 09:30:00-04:00,100604.54008544922,96281.04002441406,-5.764681567987928e-05
2023-06-27 09:30:00-04:00,100631.53990234375,96281.04002441406,0.0002683757300774303
2023-06-28 09:30:00-04:00,100640.63993896484,96281.04002441406,9.04292692920361e-05
2023-06-29 09:30:00-04:00,100695.44004882812,96281.04002441406,0.0005445127325951482
2023-06-30 09:30:00-04:00,100695.44004882812,96281.04002441406,0.0
2023-07-01 09:30:00-04:00,100695.44004882812,96281.04002441406,0.0
2023-07-03 09:30:00-04:00,100710.2401586914,96281.04002441406,0.00014697894816384505
2023-07-04 09:30:00-04:00,100700.14006103516,96281.04002441406,-0.00010028868603961794
2023-07-05 09:30:00-04:00,100675.2401586914,96281.04002441406,-0.0002472678024941777
2023-07-06 09:30:00-04:00,100667.34007324219,96281.04002441406,-7.847098687585596e-05
2023-07-07 09:30:00-04:00,100667.34007324219,96281.04002441406,0.0
2023-07-08 09:30:00-04:00,100667.34007324219,96281.04002441406,0.0
2023-07-10 09:30:00-04:00,100685.54014648437,96281.04002441406,0.00018079422014083413
2023-07-11 09:30:00-04:00,100744.94017089844,96281.04002441406,0.0005899558598747578
2023-07-12 09:30:00-04:00,100760.0399633789,96281.04002441406,0.0001498813980618241
2023-07-13 09:30:00-04:00,100785.84013427734,96281.04002441406,0.00025605558421593066
2023-07-14 09:30:00-04:00,100785.84013427734,96281.04002441406,0.0
2023-07-15 09:30:00-04:00,100785.84013427734,96281.04002441406,0.0
2023-07-17 09:30:00-04:00,100786.04002441406,96281.04002441406,1.983315676579167e-06
2023-07-18 09:30:00-04:00,100831.14012207031,96281.04002441406,0.00044748357654822435
2023-07-19 09:30:00-04:00,100822.7401586914,96281.04002441406,-8.330723394311956e-05
2023-07-20 09:30:00-04:00,100820.63993896484,96281.04002441406,-2.083081379511409e-05
2023-07-21 09:30:00-04:00,100820.63993896484,96281.04002441406,0.0
2023-07-22 09:30:00-04:00,100820.63993896484,96281.04002441406,0.0
2023-07-24 09:30:00-04:00,100820.2401586914,96281.04002441406,-3.965262209026932e-06
2023-07-25 09:30:00-04:00,100825.7400366211,96281.04002441406,5.4551327402396765e-05
2023-07-26 09:30:00-04:00,100871.23991455078,96281.04002441406,0.00045127244206843997
2023-07-27 09:30:00-04:00,100839.84007324219,96281.04002441406,-0.00031128636205124405
2023-07-28 09:30:00-04:00,100839.84007324219,96281.04002441406,0.0
2023-07-29 09:30:00-04:00,100839.84007324219,96281.04002441406,0.0
2023-07-31 09:30:00-04:00,100843.73991455078,96281.04002441406,3.867361655629509e-05
2023-08-01 09:30:00-04:00,100813.54002441406,96281.04002441406,-0.0002994721354275809
2023-08-02 09:30:00-04:00,100761.44010986328,96281.04002441406,-0.0005167948128610433
2023-08-03 09:30:00-04:00,100788.2400366211,96281.04002441406,0.0002659740345969386
2023-08-04 09:30:00-04:00,100788.2400366211,96281.04002441406,0.0
2023-08-05 09:30:00-04:00,100788.2400366211,96281.04002441406,0.0
2023-08-07 09:30:00-04:00,100761.83989013672,96281.04002441406,-0.00026193677431796125
2023-08-08 09:30:00-04:00,100771.34001220703,96281.04002441406,9.428293568936041e-05
2023-08-09 09:30:00-04:00,100762.94004882812,96281.04002441406,-8.335667043712913e-05
2023-08-10 09:30:00-04:00,100720.7400366211,96281.04002441406,-0.0004188048918241094
2023-08-11 09:30:00-04:00,100720.7400366211,96281.04002441406,0.0
2023-08-12 09:30:00-04:00,100720.7400366211,96281.04002441406,0.0
2023-08-14 09:30:00-04:00,100743.73991455078,96281.04002441406,0.00022835294817458163
2023-08-15 09:30:00-04:00,100705.63993896484,96281.04002441406,-0.00037818702798064763
2023-08-16 09:30:00-04:00,100692.64006103516,96281.04002441406,-0.00012908788363363843
2023-08-17 09:30:00-04:00,100614.73997558594,96281.04002441406,-0.0007736422980070268
2023-08-18 09:30:00-04:00,100614.73997558594,96281.04002441406,0.0
2023-08-19 09:30:00-04:00,100614.73997558594,96281.04002441406,0.0
2023-08-21 09:30:00-04:00,100692.83995117187,96281.04002441406,0.0007762279722125509
2023-08-22 09:30:00-04:00,100673.54002441406,96281.04002441406,-0.00019167129229025193
2023-08-23 09:30:00-04:00,100727.94004882812,96281.04002441406,0.0005403606985596721
2023-08-24 09:30:00-04:00,100667.83995117187,96281.04002441406,-0.0005966576664540035
2023-08-25 09:30:00-04:00,100667.83995117187,96281.04002441406,0.0
2023-08-26 09:30:00-04:00,100667.83995117187,96281.04002441406,0.0
2023-08-28 09:30:00-04:00,100707.5399633789,96281.04002441406,0.0003943663857919333
2023-08-29 09:30:00-04:00,100776.14012207031,96281.04002441406,0.0006811819523777629
2023-08-30 09:30:00-04:00,100797.5399633789,96281.04002441406,0.00021235027738386592
2023-08-31 09:30:00-04:00,100812.7401586914,96281.04002441406,0.00015079926869265847
2023-09-01 09:30:00-04:00,100812.7401586914,96281.04002441406,0.0
2023-09-02 09:30:00-04:00,100812.7401586914,96281.04002441406,0.0
2023-09-05 09:30:00-04:00,100765.0399633789,96281.04002441406,-0.00047315642087908394
2023-09-06 09:30:00-04:00,100712.13987792969,96281.04002441406,-0.0005249845131649611
2023-09-07 09:30:00-04:00,100730.0399633789,96281.04002441406,0.00017773513174201838
2023-09-08 09:30:00-04:00,100730.0399633789,96281.04002441406,0.0
2023-09-09 09:30:00-04:00,100730.0399633789,96281.04002441406,0.0
2023-09-11 09:30:00-04:00,100750.54014648437,96281.04002441406,0.00020351608232194174
2023-09-12 09:30:00-04:00,100743.2400366211,96281.04002441406,-7.245727767479782e-05
2023-09-13 09:30:00-04:00,100771.74009765625,96281.04002441406,0.00028289799915892644
2023-09-14 09:30:00-04:00,100752.44017089844,96281.04002441406,-0.00019152122151611106
2023-09-15 09:30:00-04:00,100752.44017089844,96281.04002441406,0.0
2023-09-16 09:30:00-04:00,100752.44017089844,96281.04002441406,0.0
2023-09-18 09:30:00-04:00,100707.83995117187,96281.04002441406,-0.0004426713601269894
2023-09-19 09:30:00-04:00,100721.14012207031,96281.04002441406,0.00013206688679745504
2023-09-20 09:30:00-04:00,100638.04014648437,96281.04002441406,-0.0008250499893589502
2023-09-21 09:30:00-04:00,100605.54014648437,96281.04002441406,-0.00032293951623751926
2023-09-22 09:30:00-04:00,100605.54014648437,96281.04002441406,0.0
2023-09-23 09:30:00-04:00,100605.54014648437,96281.04002441406,0.0
2023-09-25 09:30:00-04:00,100571.93998779297,96281.04002441406,-0.0003339792087243554
2023-09-26 09:30:00-04:00,100551.93998779297,96281.04002441406,-0.0001988626251261394
2023-09-27 09:30:00-04:00,100535.84013427734,96281.04002441406,-0.00016011479756217195
2023-09-28 09:30:00-04:00,100597.7401586914,96281.04002441406,0.0006157010706966393
2023-09-29 09:30:00-04:00,100597.7401586914,96281.04002441406,0.0
2023-09-30 09:30:00-04:00,100597.7401586914,96281.04002441406,0.0
2023-10-02 09:30:00-04:00,100531.64,96281.04002441406,-0.0006570739917928226
2023-10-03 09:30:00-04:00,100501.74009765625,96281.04002441406,-0.00029741783127923416
2023-10-04 09:30:00-04:00,100524.63987792969,96281.04002441406,0.00022785456501739354
2023-10-05 09:30:00-04:00,100500.7400366211,96281.04002441406,-0.00023775107613033253
2023-10-06 09:30:00-04:00,100500.7400366211,96281.04002441406,0.0
2023-10-07 09:30:00-04:00,100500.7400366211,96281.04002441406,0.0
2023-10-09 09:30:00-04:00,100610.44004882812,96281.04002441406,0.0010915343724540172
2023-10-10 09:30:00-04:00,100637.44017089844,96281.04002441406,0.0002683630253204061
2023-10-11 09:30:00-04:00,100650.54014648437,96281.04002441406,0.0001301699999889383
2023-10-12 09:30:00-04:00,100633.13993896484,96281.04002441406,-0.0001728774380564957
2023-10-13 09:30:00-04:00,100633.13993896484,96281.04002441406,0.0
2023-10-14 09:30:00-04:00,100633.13993896484,96281.04002441406,0.0
2023-10-16 09:30:00-04:00,100609.14,96281.04002441406,-0.00023848941789350597
2023-10-17 09:30:00-04:00,100622.94004882812,96281.04002441406,0.00013716496163396208
2023-10-18 09:30:00-04:00,100590.54014648437,96281.04002441406,-0.0003219931988474034
2023-10-19 09:30:00-04:00,100540.84013427734,96281.04002441406,-0.000494082367334503
2023-10-20 09:30:00-04:00,100540.84013427734,96281.04002441406,0.0
2023-10-21 09:30:00-04:00,100540.84013427734,96281.04002441406,0.0
2023-10-23 09:30:00-04:00,100507.5399633789,96281.04002441406,-0.0003312103902649577
2023-10-24 09:30:00-04:00,100499.94017089844,96281.04002441406,-7.561415276147176e-05
2023-10-25 09:30:00-04:00,100445.54014648437,96281.04002441406,-0.0005412940975044744
2023-10-26 09:30:00-04:00,100422.94004882812,96281.04002441406,-0.0002249985178365277
2023-10-27 09:30:00-04:00,100422.94004882812,96281.04002441406,0.0
2023-10-28 09:30:00-04:00,100422.94004882812,96281.04002441406,0.0
2023-10-30 09:30:00-04:00,100442.83995117187,96281.04002441406,0.00019816092153912557
2023-10-31 09:30:00-04:00,100473.04014648437,96281.04002441406,0.00030067046418813526
2023-11-01 09:30:00-04:00,100546.83989013672,96281.04002441406,0.0007345228485646782
2023-11-02 09:30:00-04:00,100612.44017089844,96281.04002441406,0.0006524350326015949
2023-11-03 09:30:00-04:00,100612.44017089844,96281.04002441406,0.0
2023-11-04 09:30:00-04:00,100612.44017089844,96281.04002441406,0.0
2023-11-06 09:30:00-05:00,100635.7400366211,96281.04002441406,0.00023158036603709853
2023-11-07 09:30:00-05:00,100637.94004882812,96281.04002441406,2.1861142037948866e-05
2023-11-08 09:30:00-05:00,100656.53990234375,96281.04002441406,0.0001848194975633266
2023-11-09 09:30:00-05:00,100665.33995117187,96281.04002441406,8.742649843385131e-05
2023-11-10 09:30:00-05:00,100640.84013427734,96281.04002441406,-0.00024337887207670494
2023-11-11 09:30:00-05:00,100640.84013427734,96281.04002441406,0.0
2023-11-13 09:30:00-05:00,100673.34013427734,96281.04002441406,0.00032293053154797136
2023-11-14 09:30:00-05:00,100744.24009765625,96281.04002441406,0.0007042575848217325
2023-11-15 09:30:00-05:00,100782.13987792969,96281.04002441406,0.0003761979864724818
2023-11-16 09:30:00-05:00,100773.2400366211,96281.04002441406,-8.830772316770208e-05
2023-11-17 09:30:00-05:00,100783.43992675781,96281.04002441406,0.00010121625674641699
2023-11-18 09:30:00-05:00,100783.43992675781,96281.04002441406,0.0
2023-11-20 09:30:00-05:00,100786.34001220703,96281.04002441406,2.8775416391013664e-05
2023-11-21 09:30:00-05:00,100812.83995117187,96281.04002441406,0.0002629318512967771
2023-11-22 09:30:00-05:00,100830.84013427734,96281.04002441406,0.0001785505012474875
2023-11-23 09:30:00-05:00,100830.84013427734,96281.04002441406,0.0
2023-11-24 09:30:00-05:00,100831.74009765625,96281.04002441406,8.925477341215071e-06
2023-11-25 09:30:00-05:00,100831.74009765625,96281.04002441406,0.0
2023-11-27 09:30:00-05:00,100827.5399633789,96281.04002441406,-4.165488241381077e-05
2023-11-28 09:30:00-05:00,100821.83989013672,96281.04002441406,-5.65329000812298e-05
2023-11-29 09:30:00-05:00,100852.5399633789,96281.04002441406,0.00030449824438472106
2023-11-30 09:30:00-05:00,100835.84013427734,96281.04002441406,-0.00016558659908438855
2023-12-01 09:30:00-05:00,100838.73991455078,96281.04002441406,2.8757436538295877e-05
2023-12-02 09:30:00-05:00,100838.73991455078,96281.04002441406,0.0
2023-12-04 09:30:00-05:00,100837.04008544922,96281.04002441406,-1.685690542152507e-05
2023-12-05 09:30:00-05:00,100833.64012207031,96281.04002441406,-3.371740558855141e-05
2023-12-06 09:30:00-05:00,100869.14,96281.04002441406,0.0003520638339220561
2023-12-07 09:30:00-05:00,100850.14006103516,96281.04002441406,-0.00018836225791996064
2023-12-08 09:30:00-05:00,100855.63993896484,96281.04002441406,5.453515410458465e-05
2023-12-09 09:30:00-05:00,100855.63993896484,96281.04002441406,0.0
2023-12-11 09:30:00-05:00,100877.94004882812,96281.04002441406,0.00022110920000883993
2023-12-12 09:30:00-05:00,100897.34007324219,96281.04002441406,0.00019231186129164968
2023-12-13 09:30:00-05:00,100925.93992675781,96281.04002441406,0.00028345498003079506
2023-12-14 09:30:00-05:00,101006.04002441406,96281.04002441406,0.0007936522336515761
2023-12-15 09:30:00-05:00,100975.93992675781,96281.04002441406,-0.0002980029476353785
2023-12-16 09:30:00-05:00,100975.93992675781,96281.04002441406,0.0
2023-12-18 09:30:00-05:00,101009.90013427734,96300.10002441406,0.00033631979602422035
2023-12-19 09:30:00-05:00,101025.40001220703,96300.10002441406,0.00015344909666370476
2023-12-20 09:30:00-05:00,101039.69993896484,96300.10002441406,0.00014154783605002663
2023-12-21 09:30:00-05:00,101013.39989013672,96300.10002441406,-0.00026029420954354343
2023-12-22 09:30:00-05:00,101038.69987792968,96300.10002441406,0.0002504616993437292
2023-12-23 09:30:00-05:00,101038.69987792968,96300.10002441406,0.0
2023-12-26 09:30:00-05:00,101040.80009765625,96300.10002441406,2.0786290095831106e-05
2023-12-27 09:30:00-05:00,101054.50004882812,96300.10002441406,0.00013558830847171244
2023-12-28 09:30:00-05:00,101068.90007324218,96300.10002441406,0.00014249760680717927
2023-12-29 09:30:00-05:00,101064.99992675781,96300.10002441406,-3.8588987132048835e-05
2023-12-30 09:30:00-05:00,101064.99992675781,96300.10002441406,0.0
